card_id,season,week,game_date,kickoff_et,away,home,market,pick,line,price,book,model_conf,tier,rank,tags,rationale,result,final_score,cover_margin,closing_line,clv,notes
W1-01,2026,1,2026-09-13,13:00,NO,DET,spread,NO +7,7,-112,sportsbetting.ag,55.3%,A,1,injury;key-number,Model entered +6.8; .ag gives full 7 (key number). Kamara out (Etienne lead back) already priced.,WIN,NO 30 - DET 31 (OT),6,NO +7.0,0,
W1-02,2026,1,2026-09-13,13:00,BAL,IND,spread,BAL -3,-3,-113,sportsbetting.ag,57.6%,A,2,injury;key-number,Model entered -3.5; .ag -3 is a push-instead-of-loss upgrade. Madubuike (DL) out = small discount.,WIN,BAL 41 - IND 23,15,BAL -3.5,+0.5,
W1-03,2026,1,2026-09-13,13:00,CLE,JAX,total,OVER 40,40,-110,sportsbetting.ag,58.1%,A,3,line-move,Model Over 40.5; .ag 40 is half-point better. Spread market ran 2 pts toward JAX since model run (cause unknown) so total only.,WIN,CLE 10 - JAX 34,4,40.0,-0.5,closing total from 9/11 snapshot (2 days pre-kickoff -- no game-day update captured, per line-tracker gap)
W1-04,2026,1,2026-09-13,16:25,ARI,LAC,total,OVER 47,47,-110,sportsbetting.ag,56.7%,A,4,,Exact match to model 47.0.,LOSS,ARI 26 - LAC 14,-7,47.5,+0.5,
W1-05,2026,1,2026-09-13,13:00,NYJ,TEN,total,OVER 38.5,38.5,-110,sportsbetting.ag,56.5%,B,5,,Model Over 39.2; 38.5 matches Covers board.,LOSS,NYJ 23 - TEN 10,-5.5,38.5,0,closing total from 9/10 snapshot (3 days pre-kickoff, stale)
W1-06,2026,1,2026-09-13,13:00,CHI,CAR,total,OVER 47,47,-110,sportsbetting.ag,51.1%,B,6,sharp-agree,Model Over 47.5 (weak) but reported 92% of handle on Over 47.5 vs 43% tickets; .ag 47 is better number.,WIN,CHI 59 - CAR 37,49,47.5,+0.5,closing total from 9/12 snapshot (1 day pre-kickoff)
W1-07,2026,1,2026-09-13,20:20,DAL,NYG,spread,DAL -3,-3,-112,sportsbetting.ag,58.7%,B,7,key-number;weather,Model's top spread conf but entered -2.7; .ag on the 3 = worst number degradation on card. Rain chance before 8pm ET.,LOSS,DAL 20 - NYG 28,-11,DAL -3.0,0,closing spread from 9/10 snapshot (3 days pre-kickoff, stale); recaps noted no material rain impact
W1-08,2026,1,2026-09-13,16:25,ARI,LAC,spread,ARI +9.5,9.5,-115,sportsbetting.ag,58.2%,B,8,,Model entered +10.2; .ag worse on number and juice. Wanted +10.,WIN,ARI 26 - LAC 14,21.5,ARI +9.5,0,closing spread from 9/10 snapshot (3 days pre-kickoff, stale); ARI won outright as a 9.5-pt dog
W1-09,2026,1,2026-09-13,13:00,TB,CIN,spread,TB +4,4,-113,sportsbetting.ag,55.0%,C,9,injury,Model +3.7; .ag +4 through the 3.5. McMillan/Tucker/Skule doubtful not in model. Small.,LOSS,TB 27 - CIN 33,-2,TB +3.5,+0.5,INACTIVES: CIN DE Shemar Stewart OUT (plus for TB pass-pro); Chase/Higgins active. TB official list not fetched by card time; Williams/Melifonwu elevations imply McMillan+Tucker out; Egbuka full-go. || closing spread from 9/10 snapshot (3 days pre-kickoff, stale)
W1-10,2026,1,2026-09-13,16:25,GB,MIN,spread,GB +2,2,-110,sportsbetting.ag,53.9%,C,10,sharp-conflict,Model +1.5; .ag +2 better. Reported 88% of handle on MIN (sharps other side). Small.,LOSS,GB 22 - MIN 39,-15,GB +2.5,-0.5,sharps were right -- MIN trailed 22-10 at one point then scored 29 unanswered
W1-11,2026,1,2026-09-13,13:00,CHI,CAR,spread,CHI -3,-3,-110,sportsbetting.ag,55.7%,C,11,key-number,Model -2.7; .ag -3 = laying key number. Total preferred.,WIN,CHI 59 - CAR 37,19,CHI -3.0,0,INACTIVES 11:30ET: CHI LT Ozzy Trapilo OUT (knee) + S Xavier Woods OUT; Odunze ACTIVE. LT out = further downgrade on the spread. || closing spread from 9/10 snapshot (3 days pre-kickoff, stale); LT-out downgrade did not matter, CHI blew this open
W1-12,2026,1,2026-09-13,16:25,MIA,LV,total,UNDER 40.5,40.5,-115,sportsbetting.ag,52.7%,C,12,,Model Under 40.2; number better but juice -115. Marginal.,WIN,MIA 13 - LV 27,0.5,40.5,0,closing total from 9/12 snapshot (1 day pre-kickoff); won by half a point, thinnest margin on the card
W1-P1,2026,1,2026-09-13,13:00,NO,DET,prop,Travis Etienne anytime TD,,TBD,sportsbetting.ag,,A,1,injury,Kamara officially not expected to play (Rapoport); Etienne named lead back; Miller/Donaldson behind.,LOSS,NO 30 - DET 31 (OT),,,,No TD -- 9 car/46 yds rush, 7 rec/32 yds (ESPN + NOLA.com cross-check). NO's TDs were Vele 1-yd and Fant 8-yd (OT) passing scores, not Etienne.
W1-P2,2026,1,2026-09-13,13:00,NO,DET,prop,Travis Etienne rush yds OVER,TBD,TBD,sportsbetting.ag,,A,2,injury,Same basis as P1; full workload back.,NOGRADE,NO 30 - DET 31 (OT),,,,Line never established (TBD both fields) -- cannot grade. Actual: 46 rush yds on 9 carries.
W1-P3,2026,1,2026-09-13,16:25,MIA,LV,prop,Michael Mayer OVER 4.5 rec,4.5,-113,sportsbetting.ag,,A,3,injury,Bowers out (meniscus); Cousins named starter (raiders.com); Mayer 26.1% target rate w/o Bowers in 2025.,WIN,MIA 13 - LV 27,1.5,,,6 rec on 7 tgt, 32 yds (Yahoo Sports headline + CBS box score cross-check).
W1-P4,2026,1,2026-09-13,16:25,ARI,LAC,prop,Omarion Hampton anytime TD,,TBD,sportsbetting.ag,,B,4,,LAC -500 ML / 81% Kalshi; positive-script goal-line back. Price unverified at card time.,WIN,ARI 26 - LAC 14,,,,"9-yd TD run in Q1 tied it 7-7 (Chargers.com recap + SI cross-check); 12 car/43 yds + a lost fumble otherwise. LAC still lost outright -- the ""positive script"" read was wrong even though the prop hit."
W1-P5,2026,1,2026-09-13,16:25,WAS,PHI,prop,Saquon Barkley anytime TD,,TBD,sportsbetting.ag,,B,5,,PHI 68% Kalshi; red-zone usage. Price unverified at card time.,LOSS,WAS 22 - PHI 24,,,,No TD; 42-yd run set up a Wicks TD catch instead (PhiladelphiaEagles.com + NBC Sports cross-check). All 3 PHI TDs were Hurts passes (Goedert x2, Wicks x1).
W1-P6,2026,1,2026-09-13,13:00,TB,CIN,prop,Evans/Egbuka OVER receptions,TBD,TBD,sportsbetting.ag,,C,6,injury;conditional,Only if McMillan and Tucker are on 11:30 ET inactive list.,NOGRADE,TB 27 - CIN 33,,,,Line never established (TBD) -- cannot grade a number. Condition (McMillan/Tucker inactive) appears to have been met per the W1-09 inactives note, but no gradable receptions number was ever set.
W1-X1,2026,1,2026-09-13,13:00,ATL,PIT,spread,PASS,6.5,-110,sportsbetting.ag,52.9%,PASS,,injury;qb-change,Tua out (oblique); Cooper Rush starts w/ back spasms; UDFA Strand QB2. Model +3.2 built on different QB. Line blew out to +6.5.,PASS,ATL 13 - PIT 20,,,,INACTIVES (Steelers Depot): ATL Tua+Penix out; Rush starts (Schefter: feeling better); Zaccheaus emergency QB. PIT CB Joey Porter Jr. OUT (back/contract); Rodgers+Rudolph active. || No gradable implied side -- the model's +3.2 number was built on Tua and is explicitly invalidated by the QB change per the rationale," so there's no ""model's original side"" to fall back on. For reference only: ATL lost 13-20", so a naive ATL+6.5 take would have lost by 0.5.
W1-X2,2026,1,2026-09-13,13:00,BUF,HOU,spread,PASS,-1,-110,sportsbetting.ag,52.3%,PASS,,coin-flip;sharp-conflict,Model 52.3%; Kalshi 52/47; reported reverse line move toward HOU.,PASS,BUF 36 - HOU 31,,,,No gradable implied side -- rationale never attributes the 52.3% to a specific team, and the coin-flip tag reflects genuine model indifference. For reference: BUF (-1 closing) won outright by 5, so BUF backers and HOU backers would have split either way depending on which side the model actually meant.
W1-X3,2026,1,2026-09-13,16:25,WAS,PHI,total,PASS,44,-110,sportsbetting.ag,53.2%,PASS,,line-move,Model Under 45.5; .ag already at 44 — value taken.,PASS-would-LOSS,WAS 22 - PHI 24,-2,,,"Implied side = Under 44 (model's own fair number was 45.5; rationale reads as ""the market already moved to capture that edge""). Final total was 46 -- would have LOST by 2."
W1-X4,2026,1,2026-09-13,13:00,ATL,PIT,prop,PASS Bijan Robinson rush yds,,,sportsbetting.ag,,PASS,,qb-change,Backup QB: run-heavy vs trailing script unclear. No lean.,PASS,ATL 13 - PIT 20,,,,No lean stated in rationale -- ungradable by design, no line was even attached to this row.
W1-X5,2026,1,2026-09-14,20:15,DEN,KC,spread,WATCH,-2.5,-110,sportsbetting.ag,,WATCH,,weather;injury,No model pick in ledger. Simmons (LT) out; Arrowhead wind 16 g32 + 60% precip; Mahomes status.,PASS,DEN 10 - KC 31,,,,UPDATE 9/13: Mahomes officially off injury report and starting (NFL.com). Simmons (back) OUT; Conner (S) OUT; Chris Jones calf no designation. || No gradable implied side -- tier WATCH with no model pick in the ledger; rationale logged weather/injury watch items but never staked a lean, so there's no side to grade. For reference: KC won 31-10 (led 14-7 at half), easily clearing -2.5; total finished 41 vs. the 43.5 close (Under). Quarter-by-quarter DEN 7-0-3-0, KC 7-7-10-7 (SI.com final box score + ESPN/WebSearch cross-check). Daily intel's day-of weather scan found no material wind/precip at Arrowhead, contradicting the wind/precip flag in the original rationale -- that flag traces to an earlier, unconfirmed forecast; treat pre-kickoff weather notes as provisional until a same-day recheck.
W1-T1,2026,1,2026-09-13,16:25,ARI,LAC,team_total,ARI team total OVER,18.75,TBD,implied from .ag 47/-9.5,,B,1,derived;consistent-expression,Consistent expression of Over 47 + ARI +9.5. Implied line; grade vs actual book line if user supplies it.,WIN,ARI 26 - LAC 14,7.25,,,UPDATE: ARI RB Jeremiyah Love (ankle) expected to play (CBS tracker); G Isaiah Adams + CB Garrett Williams OUT (Friday). || implied-line grade. Parent picks split: Over47 total LOST, ARI+9.5 spread WON -- this team total rode the spread side, not the total side.
W1-T2,2026,1,2026-09-13,13:00,CHI,CAR,team_total,CHI team total OVER,25,TBD,implied from .ag 47/-3,,B,2,derived;consistent-expression;sharp-agree,Bears -3 + Over 47 + sharp Over handle.,WIN,CHI 59 - CAR 37,34,,,implied-line grade. Both parent picks (CHI-3 spread, Over47 total) WON -- fully consistent, and by a mile (highest-scoring Week 1 opener ever).
W1-T3,2026,1,2026-09-13,13:00,CLE,JAX,team_total,JAX team total OVER,24.75,TBD,implied from .ag 40/-9.5,,B,3,derived;consistent-expression;line-move,Model Over 40 (58.1%) with market running toward JAX — Over comes from Jax side.,WIN,CLE 10 - JAX 34,9.25,,,implied-line grade. Parent Over40 total WON -- consistent, and correctly attributed to the JAX side as the rationale predicted.
W1-T4,2026,1,2026-09-13,16:25,MIA,LV,team_total,MIA team total UNDER,18.75,TBD,implied from .ag 40.5/-3,,C,4,derived;consistent-expression,Under 40.5 with Malik Willis starting.,WIN,MIA 13 - LV 27,5.75,,,implied-line grade. Parent Under40.5 total WON -- consistent.
W1-T5,2026,1,2026-09-13,20:20,DAL,NYG,team_total,NYG team total UNDER,22.25,TBD,implied from .ag 47.5/-3,,C,5,derived;consistent-expression;weather,Cowboys -3 + Dart first Week 1 start + rain chance pre-kick. Better expression than full-game Under whose number moved.,LOSS,DAL 20 - NYG 28,-5.75,,,UPDATE: Nabers (knee) cleared by team but his call — game-time decision; NYG elevated WR Dalen Cambre. DAL RB Malik Davis to IR (hip); Tyler Smith (OL) on IR. || implied-line grade. Parent DAL-3 spread LOST (NYG," the ""under"" side of this team total", won outright) -- consistent loss; recaps noted no material rain impact despite the weather tag.
W2-01,2026,2,2026-09-17,20:15,DET,BUF,spread,BUF -4.5,-4.5,TBD,covers.com (Kalshi board 9/19),54.5%,C,1,,"Model entered BUF -4.5, at entry (stale ledger snapshot from 9/15, 4 days pre-kickoff -- oldest model entry of the week). No unpriced injury flagged pre-game.",WIN,DET 31 - BUF 41,5.5,,,Graded 2026-09-22 (WebSearch cross-check: ESPN/FOX/detroitlions.com). BUF -4.5 covered, won by 10. No usable closing-line snapshot (line-tracker still frozen at preseason pulls) -- CLV left blank.
W2-02,2026,2,2026-09-17,20:15,DET,BUF,total,OVER 53.7,53.7,TBD,covers.com (Kalshi board 9/19),51.0%,C,2,,"Model entered Over 53.7, at entry, weak confidence. High total reflected both teams' Week 1 offensive form.",WIN,DET 31 - BUF 41,18.3,,,Graded 2026-09-22. Final total 72 cleared Over 53.7 comfortably. CLV blank (line-tracker gap).
W2-03,2026,2,2026-09-20,13:00,CAR,ATL,spread,CAR -2.5,-2.5,TBD,covers.com (Kalshi board 9/19),50.4%,C,3,coin-flip,"Model entered CAR -2.5, exactly at entry. Cooper Rush confirmed starting again for Atlanta (Penix ruled out; Tua still not ready) -- this QB situation was already known/priced when the model's Sat-evening entry was taken, so not an unpriced risk, just a genuinely close number (50.4%).",WIN,CAR 34 - ATL 3,28.5,,,Graded 2026-09-22 (ESPN/atlantafalcons.com/SI cross-check). CAR -2.5 covered easily, won outright by 31. CLV blank (line-tracker gap).
W2-04,2026,2,2026-09-20,13:00,CAR,ATL,total,UNDER 43.5,43.5,TBD,covers.com (Kalshi board 9/19),50.2%,C,4,coin-flip,"Model entered Under 43.5, at entry. Near-dead-even confidence; Rush struggled Week 1 (12/22, 143 yds, 1 TD, 2 INT) which supports a lower-scoring lean, but the model itself shows no real edge.",WIN,CAR 34 - ATL 3,6.5,,,Graded 2026-09-22. Final total 37, Under 43.5 hit (Rush's rough form continued: 2 INT, fumble lost). CLV blank.
W2-05,2026,2,2026-09-20,13:00,NO,BAL,spread,NO +8.5,8.5,TBD,covers.com (Kalshi board 9/19),52.3%,C,5,,"Model entered NO +8.5, at entry -- board already reflects the Ravens' midweek move from -7.5 to -8.5 for their home opener. Weak confidence, no unpriced injury.",WIN,NO 24 - BAL 17,15.5,,,Graded 2026-09-22 (ESPN/baltimoreravens.com/SI cross-check). NO +8.5 won big -- NO won outright by 7 (Saints outscored Ravens 18-3 in 2H after trailing 14-6 at half). CLV blank.
W2-06,2026,2,2026-09-20,13:00,NO,BAL,total,OVER 46.5,46.5,TBD,covers.com (Kalshi board 9/19),50.1%,C,6,coin-flip,"Model entered Over 46.5, at entry, essentially a coin flip.",LOSS,NO 24 - BAL 17,-5.5,,,Graded 2026-09-22. Final total 41, Under. CLV blank.
W2-07,2026,2,2026-09-20,13:00,MIN,CHI,spread,MIN +4.5,4.5,TBD,covers.com (Kalshi board 9/19),51.4%,C,7,qb-change,"Model entered MIN +4.5, at entry. Kyler Murray (concussion) is OUT, Carson Wentz starts (NFL.com, confirmed Friday) -- already known and priced into the model's Sat-evening entry, not a surprise. Weak confidence either way.",WIN,MIN 9 - CHI 3,10.5,,,Graded 2026-09-22 (NBC/Yahoo/Sun-Times cross-check). MIN +4.5 won big -- MIN won outright 9-3 in a rain-soaked defensive game (Wentz-led MIN offense managed on FGs only, but CHI managed even less). CLV blank.
W2-08,2026,2,2026-09-20,13:00,MIN,CHI,total,OVER 47.7,48.5,TBD,covers.com (Kalshi board 9/19),52.7%,C,8,qb-change;line-move,"Model entered Over 47.7; board total has since run up to 48.5 (opened as low as 45.5 before the Murray-out/Wentz-in news, per 9/18 line-movement notes) -- a worse number for the Over than the model's entry. QB change already priced; the extra half-plus point of total movement is the new information working against this lean.",LOSS,MIN 9 - CHI 3,-36.5,,,Graded 2026-09-22. Final total just 12 (9-3), one of the lowest totals of the season -- Over 48.5 (taken line) missed by 36.5 pts, worst total miss of the week. CLV blank.
W2-09,2026,2,2026-09-20,13:00,CIN,HOU,total,UNDER 45.5,45.5,TBD,covers.com (Kalshi board 9/19),50.6%,C,9,injury,"Model entered Under 45.5, at entry. Texans WR1 Nico Collins is OUT (hamstring, ruled out Friday) and Houston is leaning into a run-heavy game plan behind David Montgomery -- supports a lower-scoring, ground-and-pound script even though the model's own number shows little edge.",WIN,CIN 20 - HOU 6,19.5,,,Graded 2026-09-22 (ESPN/gambling911 cross-check). Final total 26, Under 45.5 hit -- Collins-out/run-heavy read was directionally right (HOU had just 18 rush yds from its backs though, not the run-dominant script expected). CLV blank.
W2-10,2026,2,2026-09-20,13:00,PIT,NE,spread,PIT +5.0,5.5,TBD,covers.com (Kalshi board 9/19),50.1%,C,10,line-move,"Model entered PIT +5.0; board has since drifted to PIT +5.5, a better number for the dog than the model's entry. Confidence is a dead coin flip though, so this is a number-quality note more than a real lean.",LOSS,PIT 3 - NE 20,-11.5,,,Graded 2026-09-22 (ESPN/bostonglobe.com cross-check). PIT +5.5 lost -- PIT trailed 3-10 at half and never threatened, lost by 17. CLV blank.
W2-11,2026,2,2026-09-20,13:00,PIT,NE,total,UNDER 41.5,41.5,TBD,covers.com (Kalshi board 9/19),50.4%,C,11,weather,"Model entered Under 41.5, at entry. Gillette Stadium carried a 40-45% rain chance in the 9/18 intel scan; per the standing process rule, early-week weather flags have faded by kickoff in both prior instances this season, so this is noted but not treated as a driver without a game-day recheck (none available at build time).",WIN,PIT 3 - NE 20,18.5,,,Graded 2026-09-22. Final total 23, Under 41.5 hit. Weather flag was again a non-factor (third straight week an early-week weather tag didn't drive the outcome) -- see learnings pattern log. CLV blank.
W2-12,2026,2,2026-09-20,13:00,GB,NYJ,spread,NYJ +3.5,3.5,TBD,covers.com (Kalshi board 9/19),50.8%,C,12,weather,"Model entered NYJ +3.5, at entry, weak confidence.",WIN,GB 20 - NYJ 17 (OT),0.5,,,Graded 2026-09-22 (NBC/newyorkjets.com/packers.com cross-check). NYJ +3.5 won by the thinnest possible margin -- game went to OT tied, GB won by FG in OT (final margin 3), so NYJ+3.5 covered by exactly 0.5. Thinnest cover of the season so far. CLV blank.
W2-13,2026,2,2026-09-20,13:00,GB,NYJ,total,UNDER 44.5,44.5,TBD,covers.com (Kalshi board 9/19),64.7%,A,13,weather,"Model entered Under 44.5, at entry -- and the model's highest-confidence read of the week (64.7%). MetLife Stadium has carried the week's most persistent weather flag in both the 9/18 and 9/19 intel scans (13 mph winds gusting to 21, 80%+ rain chance), reinforcing rather than driving this lean. No unpriced injury. Top total pick of the week.",WIN,GB 20 - NYJ 17 (OT),7.5,,,Graded 2026-09-22. Final total 37 (incl. OT FG), Under 44.5 hit -- the week's highest-confidence pick (64.7%) delivered; MetLife weather flag was reinforcing context, not the primary driver (game was simply a defensive slog to OT). CLV blank.
W2-14,2026,2,2026-09-20,13:00,CLE,TB,spread,CLE +8.7,8.5,TBD,covers.com (Kalshi board 9/19),51.5%,C,14,,"Model entered CLE +8.7; board is now CLE +8.5, a slightly worse number for the dog. Weak confidence.",WIN,CLE 23 - TB 19,12.5,,,Graded 2026-09-22 (ESPN/dawgsbynature.com cross-check). CLE +8.5 won big -- CLE won outright by 4 after a long weather delay; Watson led a late-4th-quarter comeback. CLV blank.
W2-15,2026,2,2026-09-20,13:00,CLE,TB,total,OVER 41.5,41.5,TBD,covers.com (Kalshi board 9/19),56.3%,A,15,,"Model entered Over 41.5, at entry, confidence clears the 55% bar with no unpriced injury. Clean data-supported lean.",WIN,CLE 23 - TB 19,0.5,,,Graded 2026-09-22. Final total 42, Over 41.5 hit by the thinnest margin on the card (0.5 pts) -- field-goal-heavy first half (7-for-7 combined FGs) then Watson found the end zone late. CLV blank.
W2-16,2026,2,2026-09-20,13:00,PHI,TEN,spread,PHI -7.0,-7.5,TBD,covers.com (Kalshi board 9/19),63.9%,B,16,key-number,"Model entered PHI -7.0 (strong, 63.9%), but the board has moved to PHI -7.5 -- laying more than the model's entry and crossing the key 7-point number, which per the running learnings log matters more than any other single factor. Strong model, worse (and key-number-crossing) price: classic Tier B.",LOSS,PHI 24 - TEN 20,-3.5,,,Graded 2026-09-22 (Chicago Sun-Times/nbcsportsphiladelphia.com cross-check). PHI -7.5 lost -- PHI needed a TD with 9 seconds left just to win outright by 4, well short of laying 7.5. Strong model (63.9%) but the key-number-crossing price flagged pre-game proved costly, exactly the pattern the process rule warns about. CLV blank.
W2-17,2026,2,2026-09-20,13:00,PHI,TEN,total,OVER 39.5,39.5,TBD,covers.com (Kalshi board 9/19),51.8%,C,17,,"Model entered Over 39.5, at entry, weak confidence. League-low total for the week (39.5) at a venue/game expected to be a defensive struggle.",WIN,PHI 24 - TEN 20,4.5,,,Graded 2026-09-22. Final total 44, Over hit -- the defensive-struggle read was wrong (game turned into a shootout decided in the final 9 seconds). CLV blank.
W2-18,2026,2,2026-09-20,16:05,JAX,DEN,spread,JAX +2.7,2.5,TBD,covers.com (Kalshi board 9/19),52.1%,C,18,,"Model entered JAX +2.7; board is now JAX +2.5, a slightly worse number for the dog. Weak confidence.",LOSS,JAX 13 - DEN 20,-4.5,,,Graded 2026-09-22 (denvergazette.com/NBC cross-check). JAX +2.5 lost -- JAX led 10-3 at half but DEN closed the game on a 17-point run, JAX lost by 7. Snapped JAX's 9-game regular-season win streak. CLV blank.
W2-19,2026,2,2026-09-20,16:05,JAX,DEN,total,OVER 45.5,45.5,TBD,covers.com (Kalshi board 9/19),50.1%,C,19,coin-flip,"Model entered Over 45.5, at entry, essentially a coin flip.",LOSS,JAX 13 - DEN 20,-12.5,,,Graded 2026-09-22. Final total 33, Under. CLV blank.
W2-20,2026,2,2026-09-20,16:05,LV,LAC,total,OVER 43.5,43.5,TBD,covers.com (Kalshi board 9/19),52.6%,C,20,injury,"Model entered Over 43.5, at entry. Raiders TE1 Brock Bowers is doubtful (knee) with Michael Mayer stepping into the lead TE role (55/68 snaps Wk1) -- a modest downgrade to LV's red-zone efficiency that argues against chasing the Over hard even though the model's own number is roughly neutral.",LOSS,LV 26 - LAC 14,-3.5,,,Graded 2026-09-22 (NBC/tonyspicks.com cross-check). Final total 40, Under. Mayer's downgrade thesis was right directionally (only 23 yds/3 rec) but LV still won outright behind Tre Tucker (110 yds) -- total just came in slightly light. CLV blank.
W2-21,2026,2,2026-09-20,16:25,WAS,DAL,spread,WAS +4.0,4.5,TBD,covers.com (Kalshi board 9/19),53.3%,C,21,line-move,"Model entered WAS +4.0; board is now WAS +4.5, a better number for the dog than the model's entry. Confidence just under the 55% bar, so logged as a number-quality upgrade rather than a full lean.",LOSS,WAS 20 - DAL 37,-12.5,,,Graded 2026-09-22 (vavel.com/SI cross-check). WAS +4.5 lost -- DAL led 17-10 at half and pulled away, won by 17. Dak set a franchise TD-passes record (4 TDs). CLV blank.
W2-22,2026,2,2026-09-20,16:25,WAS,DAL,total,UNDER 50.5,50.5,TBD,covers.com (Kalshi board 9/19),55.7%,A,22,,"Model entered Under 50.5, at entry, confidence clears 55% with no unpriced injury. Data-supported lean.",LOSS,WAS 20 - DAL 37,-6.5,,,Graded 2026-09-22. Final total 57, Over -- this week's top-confidence total (55.7%, Tier A) missed; DAL's 4-TD passing game plus WAS's own 20 points blew well past the number. CLV blank.
W2-23,2026,2,2026-09-20,16:25,SEA,ARI,spread,SEA -4.0,-3.5,TBD,covers.com (Kalshi board 9/19),64.9%,A,23,line-move,"Model entered SEA -4.0; board has since moved to SEA -3.5 -- laying fewer points than the model's entry, a genuine upgrade. Confidence is the strongest game-pick number of the week (64.9%), and no unpriced injury of consequence (Cardinals RB Jeremiyah Love's ankle situation is a committee-backfield note, not a starter-out shock). Cleanest Tier A of the week.",WIN,SEA 31 - ARI 7,20.5,,,Graded 2026-09-22 (Yahoo/SI cross-check). SEA -3.5 won big -- tied 7-7 at half, then SEA dominated 2H behind Smith-Njigba (9 rec/155 yds/3 TD) and Drew Lock (235 yds/3 TD) for a 24-point margin. Week's strongest model number (64.9%) delivered. CLV blank.
W2-24,2026,2,2026-09-20,16:25,SEA,ARI,total,UNDER 41.0,41.5,TBD,covers.com (Kalshi board 9/19),51.1%,C,24,line-move,"Model entered Under 41.0; board is now 41.5, more cushion for the Under than the model's entry (favorable move), but confidence is under 55%, so this stays a C-tier note rather than a full lean.",WIN,SEA 31 - ARI 7,3.5,,,Graded 2026-09-22. Final total 38, Under 41.5 hit. CLV blank.
W2-25,2026,2,2026-09-20,16:25,MIA,SF,spread,MIA +13.5,13.5,TBD,covers.com (Kalshi board 9/19),54.7%,C,25,injury,"Model entered MIA +13.5, at entry, just under the 55% confidence bar. Mac Jones (5-2 as 49ers starter, 67.2% comp) confirmed starting again for Purdy (toe, questionable/unlikely) -- already known and priced. Christian McCaffrey has since been placed on IR (Achilles/calf) with rookie Kaelon Black taking over the backfield; that news looks to postdate the model's Sat-evening entry and the 9/19 Covers pull, so treat the 13.5-point favorite number as somewhat stale/conservative for SF.",LOSS,MIA 13 - SF 35,-8.5,,,Graded 2026-09-22 (local10.com/49erswebzone.com cross-check). MIA +13.5 lost -- SF won by 22, well past the number. MAJOR PREMISE FAILURE: Purdy (not Mac Jones) started and played almost the entire game (20/22, 287 yds, 2 TD); the questionable/unlikely tag proved wrong by kickoff -- Jones only saw mop-up relief snaps. The 13.5-pt number being conservative was right, but for the wrong reason (Purdy playing, not Jones). CLV blank.
W2-26,2026,2,2026-09-20,16:25,MIA,SF,total,UNDER 45.0,44.5,TBD,covers.com (Kalshi board 9/19),51.6%,C,26,injury,"Model entered Under 45.0; board is now 44.5, a slightly worse number for the Under. McCaffrey's IR move (see spread note) is an unpriced-risk flag on this total in either direction -- Kaelon Black stepping into a featured role in a 13.5-point blowout script could push scoring either way. Treat as unmodeled injury risk, hold at C.",LOSS,MIA 13 - SF 35,-3.5,,,Graded 2026-09-22. Final total 48, Over -- SF's blowout offense (Purdy-led, not Jones -- see spread note) pushed the total past 44.5. CLV blank.
W2-27,2026,2,2026-09-20,20:20,IND,KC,spread,IND +6.2,6.5,TBD,covers.com (Kalshi board 9/19),52.0%,C,27,line-move,"Model entered IND +6.2; board is now IND +6.5, a better number for the dog. Confidence weak, so logged as a number-quality upgrade rather than a full lean. Colts play a second straight road game after allowing 41 to Baltimore in Week 1.",WIN,IND 30 - KC 33 (OT),3.5,,,Graded 2026-09-22 (WISH-TV/ESPN cross-check). IND +6.5 won -- game went to OT (IND led 20-17 at half), KC won by FG as time expired, final margin only 3. CLV blank.
W2-28,2026,2,2026-09-20,20:20,IND,KC,total,UNDER 46.5,47.5,TBD,covers.com (Kalshi board 9/19),54.9%,C,28,line-move,"Model entered Under 46.5; board is now 47.5 (total climbed after Mahomes' big Week 1 return), more cushion for the Under -- a favorable move. Confidence at 54.9% sits just under the 55% Tier-A bar, so this stays C despite the good number.",LOSS,IND 30 - KC 33 (OT),-15.5,,,Graded 2026-09-22. Final total 63 (OT shootout, IND led 20-17 at half alone), Over by a wide margin -- worst total-side miss of the week alongside W2-08. CLV blank.
W2-29,2026,2,2026-09-21,20:15,NYG,LAR,spread,LAR -7.2,-7.5,TBD,covers.com (Kalshi board 9/19),53.0%,C,29,,"Model entered LAR -7.2; board is now LAR -7.5, laying slightly more than the model's entry (worse number). Weak confidence. Myles Garrett's season-ending IR move (already priced into this line since midweek) and Puka Nacua's questionable/game-time-decision hip status (also known since Friday, not fresh) are both already reflected.",WIN,NYG 6 - LAR 28,14.5,,,Graded 2026-09-22 (Yahoo/SI cross-check). LAR -7.5 won big -- LAR led 14-3 at half and won by 22 in Aaron Donald's season debut. CLV blank.
W2-30,2026,2,2026-09-21,20:15,NYG,LAR,total,UNDER 47.7,47.5,TBD,covers.com (Kalshi board 9/19),56.0%,A,30,,"Model entered Under 47.7; board is essentially at entry (47.5, an immaterial 0.2-point move). Confidence clears 55% with no fresh unpriced injury -- Nacua's status has been known and priced since Friday, and Aaron Donald is planning his season debut (per nfl.com), reinforcing a defense-forward, lower-scoring script. Clean Tier A.",WIN,NYG 6 - LAR 28,13.5,,,Graded 2026-09-22. Final total 34, Under 47.5 hit -- this week's other Tier A total pick, along with W2-13, both hit (2/2 for A-tier totals this week). CLV blank.
W2-X1,2026,2,2026-09-20,13:00,CIN,HOU,spread,PASS,,TBD,covers.com (Kalshi board 9/19),,PASS,,sharp-conflict;coin-flip,"Model CIN +2.5 at just 51.3% -- essentially a coin flip -- while the 9/18 intel flagged Houston drawing only 45% of bets but 87% of the money, one of the widest bet%/money% splits of the week and a classic sharp-side signal running the other direction from the model's nominal CIN lean. Nico Collins being OUT for Houston is priced context, not a tiebreaker. No data-supported side; logged as PASS rather than forcing a weak lean against a real sharp signal.",PASS-would-WIN,CIN 20 - HOU 6,16.5,,,Graded 2026-09-22. Implied side = model's nominal CIN +2.5 lean -- CIN won outright by 14, would have covered easily. The sharp signal that drove the PASS (87% money on HOU) was wrong; the model's own nominal number was right. CLV blank.
W2-X2,2026,2,2026-09-20,16:05,LV,LAC,spread,PASS,,TBD,covers.com (Kalshi board 9/19),,PASS,,coin-flip,"Model shows a dead 50.0% confidence on LAC -6.5/LV +6.5 -- literally no edge either direction. Brock Bowers being doubtful for Las Vegas narratively supports the LAC favorite thesis, but the model itself gives zero lean, so there is no data-supported side to take. Logged as PASS.",PASS,LV 26 - LAC 14,,,,Graded 2026-09-22. No implied side per rationale (model gave a genuine 50/50, no lean stated) -- stays PASS, no would-have-graded side. For reference: LV won outright by 12, so a naive LAC-favorite take would have lost badly. CLV blank.
W2-T1,2026,2,2026-09-20,13:00,CIN,HOU,team_total,HOU team total UNDER,24,TBD,covers.com (Kalshi board 9/19),,B,1,injury;derived;consistent-expression,"Implied from Covers board 45.5/-2.5 (favorite (45.5+2.5)/2=24, dog (45.5-2.5)/2=21.5). Nico Collins (WR1) OUT plus Houston's confirmed run-heavy game plan behind David Montgomery argues their passing-game ceiling is capped even if the ground game holds up the score some. Implied line; grade vs. actual book number if user supplies one.",WIN,CIN 20 - HOU 6,18,,,implied-line grade. Graded 2026-09-22. HOU scored just 6 -- Under 24 hit big. Parent total (W2-09 Under 45.5) also WON -- consistent. Collins-out/run-heavy thesis proved directionally right even though Montgomery himself was quiet (6 car/10 yds).
W2-T2,2026,2,2026-09-20,16:05,LV,LAC,team_total,LV team total UNDER,18.5,TBD,covers.com (Kalshi board 9/19),,B,2,injury;derived;consistent-expression,"Implied from Covers board 43.5/-6.5 (dog (43.5-6.5)/2=18.5, favorite (43.5+6.5)/2=25). Brock Bowers doubtful removes LV's top red-zone/possession weapon; Michael Mayer stepping in as TE1 is a downgrade in scoring efficiency even if raw target volume holds.",LOSS,LV 26 - LAC 14,-7.5,,,implied-line grade. Graded 2026-09-22. LV scored 26, well over the 18.5 Under -- Mayer's own downgrade thesis held (3 rec/23 yds) but LV won behind Tre Tucker instead. Parent full-game total (W2-20 Over 43.5) LOST (actual total 40, Under) -- so the game went Under overall while the LV-specific team total flipped the other way (LAC underperformed more than LV underperformed). Inconsistent/mixed outcome -- flag for tag review.
W2-T3,2026,2,2026-09-20,16:25,SEA,ARI,team_total,ARI team total UNDER,19,TBD,covers.com (Kalshi board 9/19),,B,3,derived;consistent-expression,"Implied from Covers board 41.5/-3.5 (dog (41.5-3.5)/2=19, favorite (41.5+3.5)/2=22.5). Consistent expression of the week's strongest game pick (SEA -4.0/-3.5, 64.9% model confidence) plus a total that leans Under -- if Seattle controls the game as the model expects, Arizona's offense is the side most likely to be held down.",WIN,SEA 31 - ARI 7,12,,,implied-line grade. Graded 2026-09-22. ARI scored just 7 -- Under 19 hit. Both parent legs (SEA -3.5 spread WIN, Under 41.5 total WIN) also hit -- fully consistent 3-for-3 on this game.
W2-T4,2026,2,2026-09-20,16:25,WAS,DAL,team_total,DAL team total UNDER,27.5,TBD,covers.com (Kalshi board 9/19),,B,4,derived;consistent-expression,"Implied from Covers board 50.5/-4.5 (favorite (50.5+4.5)/2=27.5, dog (50.5-4.5)/2=23). Consistent expression of the Under 50.5 total (55.7% model confidence, Tier A) combined with Washington getting a better number as the dog (+4.5) -- the data points to a competitive game where Dallas doesn't blow the doors off.",LOSS,WAS 20 - DAL 37,-9.5,,,implied-line grade. Graded 2026-09-22. DAL scored 37 -- Over the 27.5 Under badly. Both parent legs (WAS+4.5 spread LOSS, Under 50.5 total LOSS) also lost -- fully consistent 3-for-3 LOSS on this game; Dallas did blow the doors off (Dak's 4-TD franchise record game) despite the competitive-game read.
W2-T5,2026,2,2026-09-20,16:25,MIA,SF,team_total,SF team total OVER,29,TBD,covers.com (Kalshi board 9/19),,B,5,derived;consistent-expression;injury,"Implied from Covers board 44.5/-13.5 (favorite (44.5+13.5)/2=29, dog (44.5-13.5)/2=15.5). Consistent expression of the week's largest spread (SF -13.5) -- Mac Jones is 5-2 as the 49ers' starter this season, and with Christian McCaffrey now on IR, rookie Kaelon Black steps into a featured role in what projects as a blowout script. The full-game total actually leans Under (weak, C-tier), so this team-total call rests on the spread/blowout thesis more than the total leg -- flagged accordingly.",WIN,MIA 13 - SF 35,6,,,implied-line grade. Graded 2026-09-22. SF scored 35, comfortably Over 29. Interesting split: the spread PICK on the card was the dog (MIA +13.5, LOST) and the total pick (Under 45.0, LOST), yet this SF-specific team total WON -- the blowout-script thesis that drove this derived bet was correct even though the card's own directional picks on both parent legs were wrong. Also: driven by Purdy, not Mac Jones (see W2-25 note) -- right team total for a different reason than stated.
W2-H1,2026,2,2026-09-20,13:00,MIN,CHI,1h_spread,CHI 1H lean (favorite),TBD,TBD,covers.com (Kalshi board 9/19),,C,1,qb-change;derived;home-opener,"First-half dataset has only 16 games (under the 30-game threshold for a hit-rate-based rule), so this is qualitative: Chicago dropped 59 points in a Week 1 laugher and Carson Wentz is starting cold for Minnesota for the second straight week off a backup-QB script -- favors Chicago building an early lead. Derived -- no 1H data yet, price TBD. ADDENDUM 2026-09-20: CHI is also playing its first home game of 2026 (was away at CAR Wk1) -- stacks a second home-opener angle on top of the fast-start thesis; user hypothesis being tracked in analyst_learnings.md.",LOSS,MIN 9 - CHI 3,,,,Graded 2026-09-22. 1H: MIN 6 - CHI 3 at half -- CHI trailed, lean LOSS. Home-opener bump did not show up here; CHI's offense (Caleb Williams) never got going all game.
W2-H2,2026,2,2026-09-20,16:25,MIA,SF,1h_spread,"SF 1H lean (favorite, team total Over)",TBD,TBD,covers.com (Kalshi board 9/19),,C,2,derived;consistent-expression;home-opener,"Under-30-game dataset, qualitative lean only. Mac Jones has a track record of starting fast for SF, and a 13.5-point spread with McCaffrey now on IR (Kaelon Black featured) points toward San Francisco building an early cushion rather than a slow-building blowout. Derived -- no 1H data yet, price TBD. ADDENDUM 2026-09-20: SF is also playing its first true home game of 2026 (Wk1 was the neutral-site Melbourne game, book-designated LAR as home) -- stacks a home-opener angle on top of the Jones/blowout-script thesis; user hypothesis being tracked in analyst_learnings.md.",WIN,MIA 13 - SF 35,,,,Graded 2026-09-22. 1H: MIA 6 - SF 14 at half -- SF led, lean WIN. Note: it was Purdy driving this, not Jones (see W2-25) -- right lean, wrong stated reason.
W2-H3,2026,2,2026-09-20,16:25,SEA,ARI,1h_spread,SEA 1H lean (favorite),TBD,TBD,covers.com (Kalshi board 9/19),,C,3,derived;home-opener-context,"Under-30-game dataset, qualitative lean only. Seattle is the week's strongest model pick (64.9%, upgraded number) and a defense-first team profile that tends to control tempo early. Derived -- no 1H data yet, price TBD. ADDENDUM 2026-09-20: ARI (the underdog here) is playing its first home game of 2026 (was away at LAC Wk1) -- the home-opener hypothesis being tracked in analyst_learnings.md would work AGAINST this SEA 1H lean, i.e. argues for a closer 1H than the model's favorite read alone suggests. Flagged as a countervailing factor, not a reason to drop the SEA lean, since SEA's model edge (64.9%) is the strongest of the week.",PUSH,SEA 31 - ARI 7,,,,Graded 2026-09-22. 1H: SEA 7 - ARI 7 tied at half -- exact tie, graded PUSH. The countervailing ARI-home-opener factor flagged pre-game looks validated: SEA's favorite lean didn't show up until the 2H (SEA outscored ARI 24-0 after half).
W2-P1,2026,2,2026-09-20,13:00,CIN,HOU,prop,David Montgomery (HOU) rush yards OVER,TBD,TBD,covers.com (Kalshi board 9/19),,C,1,injury,Nico Collins (WR1) ruled OUT (hamstring); nfl.com's Week 2 preview explicitly notes Houston is leaning into a run-heavy game plan behind Montgomery with Collins sidelined. Montgomery logged 20 carries in his Texans debut. Price TBD -- not available from a fetched book page; do not use a search-snippet number.,NOGRADE,CIN 20 - HOU 6,,,,Graded 2026-09-22. Line never established (TBD) -- cannot grade a number. Actual: 6 car/10 yds (nbcsports.com/fantasy) -- quiet game, far off his Week 1 pace; Bengals' Dexter Lawrence stuffed him on a key 4th down.
W2-P2,2026,2,2026-09-20,13:00,CIN,HOU,prop,David Montgomery (HOU) anytime TD,TBD,TBD,covers.com (Kalshi board 9/19),,C,2,injury,"Same Collins-out, run-heavy thesis. Montgomery scored 3 TDs on 20 carries in Week 1 and remains Houston's clear lead/goal-line back per nfl.com's Week 2 preview. Price TBD.",LOSS,CIN 20 - HOU 6,,,,Graded 2026-09-22 (nbcsports.com cross-check). No TD -- 6 car/10 yds, 2 rec/14 yds. HOU never found the end zone as a team (all 6 pts via FG), so no back was scoring regardless of workload thesis.
W2-P3,2026,2,2026-09-20,16:05,LV,LAC,prop,Michael Mayer (LV) receptions OVER,TBD,TBD,covers.com (Kalshi board 9/19),,C,3,injury,"Brock Bowers doubtful (knee); depth-chart reporting confirms Mayer becomes the clear TE1, having already played 55 of 68 offensive snaps (6 catches, 32 yds) in Week 1 with Bowers out. Price TBD.",NOGRADE,LV 26 - LAC 14,,,,Graded 2026-09-22. Line never established (TBD) -- cannot grade a number. Actual: 3 rec on 4 targets, 23 yds (nbcsports.com/rotowire.com) -- Mayer's role held (Bowers still out) but volume was lighter than Week 1's 6 catches.
W2-P4,2026,2,2026-09-20,16:25,MIA,SF,prop,Kaelon Black (SF) anytime TD,TBD,TBD,covers.com (Kalshi board 9/19),,C,4,injury,"Christian McCaffrey placed on IR (Achilles/calf, min. 4 games); Black already out-touched McCaffrey in Week 1 and now becomes the clear lead back in a 13.5-point home favorite spot. Price TBD.",LOSS,MIA 13 - SF 35,,,,Graded 2026-09-22 (49erswebzone.com cross-check). No TD -- 7 car/25 yds. SF's scoring came through Purdy's arm and the passing game (287 yds, 2 TD passing) rather than Black's ground work; the blowout script materialized but Purdy (unexpectedly active, see W2-P5) drove it, not the ground game.
W2-P5,2026,2,2026-09-20,16:25,MIA,SF,prop,Mac Jones (SF) passing yards OVER,TBD,TBD,covers.com (Kalshi board 9/19),,C,5,,"Purdy questionable/unlikely to play (toe); Jones is 5-2 as San Francisco's starter this season (67.2% comp, ~262 yds/start pace) and a 13.5-point spread plus McCaffrey's IR move likely means a heavier early-down passing tilt than the blowout number alone would suggest. Price TBD.",NOGRADE,MIA 13 - SF 35,,,,Graded 2026-09-22 (local10.com cross-check). Line never established (TBD) -- cannot grade a number, but note the entire premise failed regardless: Purdy (not Jones) started and played almost the whole game (20/22, 287 yds, 2 TD); Jones only saw mop-up relief snaps. The questionable/unlikely tag on Purdy flipped by kickoff -- same failure mode the process rules already flag (re-check QB status the morning of).
W2-H4,2026,2,2026-09-20,13:00,PIT,NE,1h_spread,"NE 1H lean (favorite, home-opener boost)",TBD,TBD,covers.com (Kalshi board 9/19),,C,4,home-opener;derived,"Under-30-game 1H dataset, qualitative lean only. NE opened the season on the road at SEA (Wk1, Wed opener) and hosts its first home game of 2026 this week -- user hypothesis (2026-09-20, logged in analyst_learnings.md) is that a team's first home game carries extra 1H home-field value (crowd, routine, no travel that week) on top of the model's existing NE -5.0/-5.5 favorite lean. Untested in our own data (first_half_log is Week 1 only so far) -- flagging as a lean to track, not a proven edge. Note 9 other Week 2 home teams share the same first-home-game status (ATL, BAL, CHI, NYJ, TB, DEN, DAL, ARI, SF) if this angle is wanted broadly.",WIN,PIT 3 - NE 20,,,,Graded 2026-09-22. 1H: PIT 3 - NE 10 at half -- NE led, lean WIN.
W2-H5,2026,2,2026-09-20,13:00,CAR,ATL,1h_spread,ATL 1H lean (home-opener),TBD,TBD,covers.com (Kalshi board 9/19),,C,5,home-opener;derived,"Under-30-game 1H dataset, qualitative lean only. ATL was away at PIT in Wk1 and hosts its first home game of 2026 this week -- user hypothesis (2026-09-20, analyst_learnings.md) is that a team's first home game carries extra 1H home-field value. Game-pick spread/total on this matchup are both near-coinflip (CAR -2.5, Under 43.5, ~50% conf), so this 1H note is the more textured lean: it argues for ATL to be live/competitive early at home despite Cooper Rush's rough Week 1 (12/22, 143 yds, 1 TD, 2 INT). Derived -- no 1H data yet, price TBD.",LOSS,CAR 34 - ATL 3,,,,Graded 2026-09-22. 1H: CAR 20 - ATL 3 at half -- ATL trailed badly, lean LOSS. Home-opener bump did not materialize; Rush's struggles (2 INT, fumble lost) continued from Week 1.
W2-H6,2026,2,2026-09-20,13:00,NO,BAL,1h_spread,"BAL 1H lean (favorite, home-opener)",TBD,TBD,covers.com (Kalshi board 9/19),,C,6,home-opener;derived,"Under-30-game 1H dataset, qualitative lean only. BAL was away at IND in Wk1 and hosts its first home game of 2026 this week, stacking the home-opener hypothesis on top of the model's existing BAL -8.5 favorite read (NO +8.5, 52.3% conf). Derived -- no 1H data yet, price TBD.",WIN,NO 24 - BAL 17,,,,Graded 2026-09-22. 1H: NO 6 - BAL 14 at half -- BAL led, lean WIN. (Full-game result flipped in 2H -- NO outscored BAL 18-3 after half -- but the 1H lean itself hit.)
W2-H7,2026,2,2026-09-20,13:00,GB,NYJ,1h_spread,NYJ 1H lean (home-opener),TBD,TBD,covers.com (Kalshi board 9/19),,C,7,home-opener;derived,"Under-30-game 1H dataset, qualitative lean only. NYJ was away at TEN in Wk1 and hosts its first home game of 2026 this week. This stacks on top of the week's highest-confidence total lean (Under 44.5, 64.7%) and the MetLife weather flag -- a home-opener crowd/routine edge for the dog (NYJ +3.5) plausibly reinforces a tighter, lower-scoring 1H rather than GB running away early. Derived -- no 1H data yet, price TBD.",PUSH,GB 20 - NYJ 17 (OT),,,,Graded 2026-09-22. 1H: GB 7 - NYJ 7 tied at half -- exact tie, graded PUSH. The tighter-1H read was directionally right (game went to OT).
W2-H8,2026,2,2026-09-20,13:00,CLE,TB,1h_spread,"TB 1H lean (favorite, home-opener)",TBD,TBD,covers.com (Kalshi board 9/19),,C,8,home-opener;derived,"Under-30-game 1H dataset, qualitative lean only. TB was away at CIN in Wk1 and hosts its first home game of 2026 this week, stacking the home-opener hypothesis on top of the model's TB -8.5 favorite read and the week's Over 41.5 (56.3%, Tier A) total lean -- argues for TB building an early lead rather than a slow start. Derived -- no 1H data yet, price TBD.",WIN,CLE 23 - TB 19,,,,Graded 2026-09-22. 1H: CLE 6 - TB 9 at half -- TB led, lean WIN. (Full game flipped in 2H behind Watson, but the 1H-favorite lean itself hit.)
W2-H9,2026,2,2026-09-20,16:05,JAX,DEN,1h_spread,"DEN 1H lean (favorite, home-opener)",TBD,TBD,covers.com (Kalshi board 9/19),,C,9,home-opener;derived,"Under-30-game 1H dataset, qualitative lean only. DEN was away at KC in Wk1 (lost) and hosts its first home game of 2026 this week -- Denver is historically tough in home openers per the 9/19 Covers writeup, and this stacks a home-opener crowd/routine edge on top of the model's modest DEN -2.5 favorite read. Derived -- no 1H data yet, price TBD.",LOSS,JAX 13 - DEN 20,,,,Graded 2026-09-22. 1H: JAX 10 - DEN 3 at half -- DEN trailed, lean LOSS. (DEN's home-opener comeback came entirely in the 2H, a 17-point run -- the historically-tough-in-home-openers read showed up late, not early.)
W2-H10,2026,2,2026-09-20,16:25,WAS,DAL,1h_spread,"DAL 1H lean (favorite, home-opener)",TBD,TBD,covers.com (Kalshi board 9/19),,C,10,home-opener;derived,"Under-30-game 1H dataset, qualitative lean only. DAL was away at NYG in Wk1 (won) and hosts its first home game of 2026 this week, stacking the home-opener hypothesis on top of the week's Under 50.5 (55.7%, Tier A) total lean and the derived DAL team-total-Under thesis (W2-T4) -- a competitive, home-boosted start for the favorite rather than a track meet. Derived -- no 1H data yet, price TBD.",WIN,WAS 20 - DAL 37,,,,Graded 2026-09-22. 1H: WAS 10 - DAL 17 at half -- DAL led, lean WIN.
W3-01,2026,3,2026-09-25,20:15,ATL,GB,spread,ATL +5.5,5.5,TBD,covers.com (Kalshi board, lines as of 9-23),51.2%,C,1,qb-change,"Model entered ATL +6.0 at 51.2% confidence, essentially a coin flip. Board has since moved to ATL +5.5 (Kalshi), a worse number for the dog than the model's entry. Penix Jr.'s confirmed Week 3 start was already known when the model's entry was taken; GB is also missing starting G Aaron Banks and T Zach Bako-Bewele (now IR) up front. Weak model plus a worse number leaves no real edge here -- logged as a thin lean, not a real pick.",,,,,,
W3-02,2026,3,2026-09-25,20:15,ATL,GB,total,UNDER 43.5,43.5,TBD,covers.com (Kalshi board, lines as of 9-23),51.9%,B,2,injury;qb-change;line-move,"Model's stale entry was Over 46.0 at 51.9% (weak). Board has moved sharply the other way -- total down from 44.5/45.5 pre-week to 43.5 -- on real, not noise-driven, information: Atlanta has scored just 16 total points through two games and has yet to reach the red zone this season, and Penix is making his first start since ACL surgery. The market move and the underlying offensive performance point the same direction, overriding the model's outdated Over lean. Data favors the Under.",,,,,,
W3-T1,2026,3,2026-09-25,20:15,ATL,GB,team_total,ATL team total UNDER,19,TBD,covers.com (Kalshi board, lines as of 9-23),,C,3,injury;derived;consistent-expression,"Implied from board (43.5 total / 5.5 spread): favorite (43.5+5.5)/2=24.5, underdog (43.5-5.5)/2=19. Atlanta is averaging 8 points/game through two weeks with zero red-zone trips; Penix's first extended live action since ACL surgery is the swing factor that could push this either way. Consistent expression of the Under 43.5 total lean (W3-02), but tempered to C given genuine uncertainty around Penix's conditioning/rust.",,,,,,
W3-H1,2026,3,2026-09-25,20:15,ATL,GB,1h_spread,GB 1H lean (favorite),TBD,TBD,covers.com (Kalshi board, lines as of 9-23),,B,4,derived;home-opener,"First-half dataset has crossed the 30-game threshold (n=32; 29 with a usable spread). Favorites have covered half their closing spread in the 1H in 18/29 (62.1%) of graded games this season. GB is favored by 5.5 (half-spread 2.75) in its first true home game of the year (regular-season home opener) against a Falcons offense that has yet to score more than 8 points in a game. Average 1H share of the closing total also runs ~49.3% historically, projecting a 1H total near 21.5 on tonight's 43.5 -- context, not a separate lean.",,,,,,
W3-X1,2026,3,2026-09-25,20:15,ATL,GB,prop,PASS,,TBD,covers.com (Kalshi board, lines as of 9-23),,PASS,5,,"No props shipped this week. Jayden Reed's direct receiving-snap replacement wasn't named in Green Bay's official injury report, and Atlanta's offense has yet to reach the red zone through two games, making any Falcons skill-position TD or yardage prop too speculative without a real priced number. Logged as PASS rather than forcing a weak row -- see learnings note on not shipping TBD-line props.",,,,,,
W3-03,2026,3,2026-09-27,13:00,LAC,BUF,spread,LAC +7,7,-105,user book (screenshot 9/27),50.8%,C,20,key-number;line-move;injury,"Model entry LAC +3.0 at 50.8% is stale (picked 9/06, before Weeks 1-2). Board LAC +7.5 is 4.5 points better and through both 3 and 7; market moved BUF -6.5 to -7/-7.5 with 77% of tickets on Buffalo. Offsetting that: six LAC players OUT (incl. DT Tomlinson, T Pipkins, TE Kolar) that the 9/06 model never saw. Herbert is the starter (Lance questionable is only the backup; a CBS 'Herbert game-time' headline surfaced in search is a 2022 article). Data favors the dog through the key number, but thin model + unpriced injuries = C. BOOK REMAP 9/27: Book has LAC +7 -105 (board +7.5). Lose the hook but still sit on 7 for the push. Stays C.",,,,,,
W3-04,2026,3,2026-09-27,13:00,CAR,CLE,total,UNDER 42,42,-110,user book (screenshot 9/27),53.0%,C,19,line-move,"Model Under 40.0 at 53.0% (9/19). Board 42.5 is 2.5 points better for the Under, crossing 41 and 42. CLE home opener; Judkins has found no room through two games and CAR RB Brooks is on IR. Modest model, better number = C lean Under. BOOK REMAP 9/27: Book 42 -110, half-point worse than the board, no key crossed. Stays C.",,,,,,
W3-05,2026,3,2026-09-27,13:00,NYJ,DET,total,UNDER 48.5,48.5,-110,user book (screenshot 9/27),55.7%,B,15,line-move,"Model Under 45.5 at 55.7%, but that entry is from 9/06 -- before DET played 61- and 72-point games. Board has climbed to 48.5 (3 points better than entry). Meets the letter of Tier A, downgraded to B because the market rise reflects real scoring info the stale model never saw. DET OL Bartch out; NYJ S Fitzpatrick out cuts the other way. Data leans Under, not strongly. BOOK REMAP 9/27: Book 48.5 -110, same as board. Stays B.",,,,,,
W3-06,2026,3,2026-09-27,13:00,HOU,IND,spread,HOU -1.5,-1.5,-110,user book (screenshot 9/27),55.7%,B,11,injury,"Model HOU -2.5 at 55.7% (9/19). Board HOU -1.5 is a point better. Would be Tier A except HOU is missing WR Nico Collins and G Ed Ingram (OUT) with T Trent Brown questionable -- unpriced by the 9/19 model. IND has the league's worst scoring defense per Covers TD writeup (5.2-5.5 yds/rush allowed). Data favors HOU; B for the injury haircut. BOOK REMAP 9/27: Book HOU -1.5 -110, same as board. Stays B. REFRESH 10:22 ET: Collins confirmed out (CBS tracker).",,,,,,
W3-07,2026,3,2026-09-27,13:00,KC,MIA,total,UNDER 45,45,-110,user book (screenshot 9/27),54.2%,C,18,,"Model Under 44.5 at 54.2%; board is exactly at entry. MIA home opener. KC -9.5 spread is a PASS (model 50.9% at -8.5; worse number). At entry with sub-55 confidence = C. BOOK REMAP 9/27: Book 45 -110, a half-point BETTER than board/model entry (44.5). Stays C, slight upgrade.",,,,,,
W3-08,2026,3,2026-09-27,13:00,TEN,NYG,total,UNDER 37.5,37.5,-110,user book (screenshot 9/27),60.5%,B,13,weather;qb-change;sharp-agree;line-move,"Model Under 43.0 at 60.5% (9/19, before Dart's season-ending knee injury). Board has crashed to 37.5 -- 5.5 points worse than entry. Supporting data: Jameis Winston starts (giants.com/NFL.com), sharp money on the Under, and a day-of nor'easter forecast confirmed Sunday (CBS/Yahoo: N wind ~18 mph gusting to 41, 83-88% rain). Same-day weather check done per learnings rule. Direction is clear; the number has been mostly bought out, so B not A. BOOK REMAP 9/27: Book 37.5 -110, same as board. Stays B.",,,,,,
W3-09,2026,3,2026-09-27,13:00,SEA,WAS,spread,WAS +9,9,-115,user book (screenshot 9/27),52.0%,C,21,qb-change;key-number;line-move;home-opener,"Model WAS +2.0 at 52.0% (9/19, before Daniels dislocated his elbow 9/20). Mariota confirmed starter (NFL.com). Line moved 5+ points (opened WAS +2.5) with 88.5% of tickets / 94.4% of money on SEA. Darnold returns for SEA. The Daniels-to-Mariota downgrade is real but 5 points through 3 and 7 looks like an over-adjustment on public money, and it is WAS's home opener. This is the learnings-log test case for buying the backup-QB dog. C. BOOK REMAP 9/27: Book has WAS +9 -115 (board +7.5): 1.5 points better, clear of both 7 and 8. The market kept moving toward SEA on public money (94% of handle), so the number is the edge here -- the model's pre-injury number is void. Still C because it rests on the backup-QB-dog thesis, not the model, but it's now the best number on this side.",,,,,,
W3-10,2026,3,2026-09-27,16:05,ARI,SF,spread,ARI +7.5,7.5,-113,user book (screenshot 9/27),57.3%,B,9,injury,"Model ARI +8.5 at 57.3% (9/19). Board +7.5 is a point worse but still above 7. Unpriced injuries favor ARI: SF DE Nick Bosa out multiple weeks (calf), WR Demarcus Robinson OUT, WR Mike Evans questionable (hip, DNP Wed). Strong model, slightly worse number = B. Note: 16:05 window is 12-14-1 season-to-date (tracked open question). BOOK REMAP 9/27: Book ARI +7.5 -113, same number. Stays B.",,,,,,
W3-11,2026,3,2026-09-27,16:05,ARI,SF,total,OVER 48,48,-113,user book (screenshot 9/27),59.8%,A,7,injury,"Model Over 48.0 at 59.8% (9/19). Board 48.5 is a half-point worse, no key number crossed. SF's D-line attrition (Bosa out, 'horror show' per SF Chronicle) supports ARI scoring. Strong model, marginally worse number = B. BOOK REMAP 9/27: Book has 48 -113 -- a half-point better than the board and exactly at the model's 48.0 entry. Model 59.8% at entry, and the unpriced injuries (Bosa, Robinson OUT) cut FOR this side, not against it. Upgraded B -> A. REFRESH 10:22 ET: Evans expected to play -- helps SF scoring, fine for the Over.",,,,,,
W3-12,2026,3,2026-09-27,16:05,MIN,TB,spread,TB +1,1,-115,user book (screenshot 9/27),50.5%,C,24,line-move,"Model had TB -1.5 at 50.5% -- a coin flip. Board flipped to MIN -1.5, so TB now gets +1.5 -- a 3-point improvement through pick'em (not through 3). Coin-flip model at a clearly better number = C. Mayfield turnover risk vs MIN's 73% blitz rate is the counter. BOOK REMAP 9/27: Book TB +1 -115, a half-point worse than board. Stays C (weak).",,,,,,
W3-13,2026,3,2026-09-27,16:05,MIN,TB,total,OVER 42.5,42.5,-107,user book (screenshot 9/27),52.1%,C,25,line-move,"Model Over 46.0 at 52.1%. Board 42.5 is 3.5 points better, crossing 43 and 44. Counter: MIN played a 9-3 game in Week 2. Weak model at a much better number = C, lowest-conviction lean on the card. BOOK REMAP 9/27: Book 42.5 -107, same. Stays C.",,,,,,
W3-14,2026,3,2026-09-27,16:25,BAL,DAL,spread,BAL -3,-3,-120,user book (screenshot 9/27),56.0%,B,8,key-number,"Model BAL -3.2 at 56.0%. Board BAL -3.5 is only 0.3 worse but crosses 3 -- the costliest half-point in the sport. DAL down 4 defenders (Fox injury report); BAL T Stanley OUT, WR Flowers questionable. Rio de Janeiro neutral-ish site, dry. Data favors BAL; B because -3.5 loses the push on 3. If your book has BAL -3, that is the play. BOOK REMAP 9/27: Book has BAL -3 -120 (board -3.5). This is the key-number fix: -3 is better than the model's -3.2 entry and gets the push on 3; -120 juice is the cost. Stays B only because BAL T Stanley OUT / Flowers Q were not in the 9/19 model -- now the top B on the card. REFRESH 10:22 ET: Zay Flowers is a true game-time decision (works out pregame, Schefter). If he's out, BAL passing takes a hit but the thesis is run-first (Henry) vs a DAL defense down 4 starters. Still B.",,,,,,
W3-15,2026,3,2026-09-27,16:25,LV,NO,spread,LV +3.5,3.5,-115,user book (screenshot 9/27),52.7%,C,17,key-number,"Model LV +3.0 at 52.7%. Board +3.5 adds the hook through 3. Kirk Cousins starts (O'Connell OUT is only the backup). NO home opener. Small model edge but the right side of 3 = C. BOOK REMAP 9/27: Book LV +3.5 -115: same number, extra juice. Stays C.",,,,,,
W3-16,2026,3,2026-09-27,16:25,LV,NO,total,OVER 43.5,43.5,-112,user book (screenshot 9/27),65.8%,A,6,conditional,"Model Over 45.0 at 65.8% -- the strongest model number on the week. Board 43.5 is 1.5 points better. Indoor game; NO QB Shough has thrown 250+ in back-to-back games; NO WR Barion Brown out is minor. Tier A, conditional: if LV TE Brock Bowers (questionable, knee) is ruled out at 11:30 ET inactives, drop to B. BOOK REMAP 9/27: Book 43.5 -112, same. Stays A (Bowers condition). REFRESH 10:22 ET: ESPN sources: Bowers expected to play; Raiders did not elevate a TE. Condition cleared (confirm at 11:30 inactives). Stays A.",,,,,,
W3-T2,2026,3,2026-09-27,16:05,ARI,SF,team_total,ARI team total OVER 20.5,20.5,TBD,implied from covers 48.5/7.5,,B,10,derived;consistent-expression,"Implied: SF (48.5+7.5)/2=28, ARI (48.5-7.5)/2=20.5. Consistent expression of ARI +7.5 (W3-10) and Over 48.5 (W3-11): if both theses are right, ARI scores 21+. SF defense without Bosa. Derived team totals are 8-3 across Weeks 1-2. BOOK REMAP 9/27: Book 48/+7.5 implies ARI 20.25; team total not shown on the book screenshot -- paste the ARI team total if you want it mapped.",,,,,,
W3-T3,2026,3,2026-09-27,16:25,LV,NO,team_total,LV team total OVER 20,20,TBD,implied from covers 43.5/3.5,,B,12,derived;consistent-expression,"Implied: NO (43.5+3.5)/2=23.5, LV (43.5-3.5)/2=20. Consistent expression of LV +3.5 (W3-15) and Over 43.5 (W3-16). Same Bowers condition applies. REFRESH 10:22 ET: Bowers expected to play (ESPN) -- supports LV scoring.",,,,,,
W3-T4,2026,3,2026-09-27,13:00,TEN,NYG,team_total,NYG team total UNDER 20,20,TBD,implied from covers 37.5/2.5,,C,26,derived;consistent-expression;weather;qb-change,"Implied: NYG (37.5+2.5)/2=20, TEN (37.5-2.5)/2=17.5. Backup-QB thesis: Winston (first full-time starting job since 2019) in a nor'easter with gusts to 41 mph. Expresses the Under 37.5 (W3-08) on the side most affected by the QB change. C because the full-game total is already heavily bought.",,,,,,
W3-H2,2026,3,2026-09-27,13:00,KC,MIA,1h_spread,PASS (book KC 1H -6.5 -115),-6.5,-115,user book (screenshot 9/27),,PASS,33,derived,first_half_log n=32: favorites of 6.5+ covered half their closing spread in the 1H 7 of 10 times (70%); all favorites 18/29 (62.1%). KC -9.5 is the biggest favorite on the board. Counter-hypothesis: MIA home opener (home-opener 1H leans went 5-3-1 in Week 2). 1H line not on board; graded vs half of closing spread. Small n = C. BOOK REMAP 9/27: Book KC 1H -6.5 -115 is far worse than the -4.75 half-spread. Only 5 of 10 big favorites in the log won the half by 7+ -- a coin flip at -115. Downgraded to PASS.,,,,,,
W3-H3,2026,3,2026-09-27,13:00,NYJ,DET,1h_spread,DET 1H -4,-4,-105,user book (screenshot 9/27),,C,28,derived,"first_half_log n=32: 6.5+ favorites covered half their spread in the 1H 7/10 (70%). DET is -6.5 at home, indoors. Full-game spread is a PASS (model had NYJ +9.5; board +6.5 is worse). Graded vs half of closing spread. C. BOOK REMAP 9/27: Book DET 1H -4 -105 (vs -3.25 half-spread). Among the 10 favorites of 6.5+ in the log, 6 won the half by 5+ and 1 by exactly 4 (push) -- ~6-3-1 at -4. Thinner but still a lean. Stays C.",,,,,,
W3-P1,2026,3,2026-09-27,20:20,LAR,DEN,prop,Davante Adams anytime TD,,43% Kalshi (~+133),"covers.com TD picks (Kalshi, 9/26 8:22pm)",,C,30,injury;conditional,"Puka Nacua DOUBTFUL (hip/groin), non-participant all week (NFL.com 9/26); Whittington also DNP, Parkinson knee. Adams had 195 yds, 2 TD on 10 targets with Nacua out in Week 2; 28% target share. Conditional on Nacua inactive (inactives ~6:50pm ET). REFRESH 10:22 ET: Nacua still trending out ('not making great progress' - McVay); Parkinson may return, a small drag on Adams' share.",,,,,,
W3-P2,2026,3,2026-09-27,16:05,ARI,SF,prop,PASS (Deebo Samuel anytime TD),,33% Kalshi (~+203),"covers.com TD picks (Kalshi, 9/26 8:22pm)",,PASS,33.5,injury;conditional,"SF WR Demarcus Robinson OUT (ankle), Mike Evans questionable (hip, DNP Wed). Samuel led SF in route share last week and is tied for team lead in RZ targets. Consistent with Over 48.5. Stronger if Evans is inactive. REFRESH 10:22 ET: Mike Evans now EXPECTED TO PLAY (ESPN/Fowler). The main target-vacancy thesis is gone; only Robinson's absence remains. Downgraded to PASS.",,,,,,
W3-P3,2026,3,2026-09-27,13:00,LAC,BUF,prop,Oronde Gadsden anytime TD,,24% Kalshi (~+317),"covers.com TD picks (Kalshi, 9/26 8:22pm)",,C,32,injury,TE Charlie Kolar OUT (Chargers injury report) and Njoku out long-term per Covers -- Gadsden inherits TE snaps; scored in Week 2. BUF defense has allowed 62 points in two games; LAC +7.5 script implies passing volume.,,,,,,
W3-P4,2026,3,2026-09-27,13:00,HOU,IND,prop,David Montgomery anytime TD,,53% Kalshi (~-113),"covers.com TD picks (Kalshi, 9/26 8:22pm)",,C,29,injury,HOU WR Nico Collins OUT shifts weight to the run game; Montgomery is the clear short-yardage back vs the league's worst scoring defense (IND allowing 5.2-5.5 yds/rush). Consistent with HOU -1.5 (W3-06).,,,,,,
W3-X2,2026,3,2026-09-27,13:00,LAC,BUF,total,PASS (Over model),50.5,,"covers.com (Kalshi board, lines as of 9-27)",55.8%,PASS,34,line-move,"Model Over 48.5 at 55.8% is a 9/06 entry; board 50.5 has moved 2 points past it. Stale entry, no remaining edge. No clear signal.",,,,,,
W3-X3,2026,3,2026-09-27,13:00,CAR,CLE,spread,PASS,2.5,,"covers.com (Kalshi board, lines as of 9-27)",50.0%,PASS,35,coin-flip,"Model CLE +2.8 at 50.0%; board CLE +2.5. Coin flip, no side.",,,,,,
W3-X4,2026,3,2026-09-27,13:00,NYJ,DET,spread,PASS,6.5,,"covers.com (Kalshi board, lines as of 9-27)",51.8%,PASS,36,key-number,Model NYJ +9.5 (9/06) at 51.8%; board +6.5 is 3 points worse and back under 7. No side.,,,,,,
W3-X5,2026,3,2026-09-27,13:00,HOU,IND,total,PASS (Over model),42.5,,"covers.com (Kalshi board, lines as of 9-27)",51.4%,PASS,37,injury,"Model Over 45.0 at 51.4%; board 42.5 is better, but Collins OUT argues against HOU scoring. Conflicted -- no clear signal.",,,,,,
W3-X6,2026,3,2026-09-27,13:00,NE,JAX,spread,PASS (spread + total),2.5,,"covers.com (Kalshi board, lines as of 9-27)",50.0% / 51.2%,PASS,38,coin-flip,Model NE +2.0 at 50.0% (board +2.5) and Under 46.0 at 51.2% (board 46.5). Both coin flips. No side.,,,,,,
W3-X7,2026,3,2026-09-27,13:00,KC,MIA,spread,PASS,-9.5,,"covers.com (Kalshi board, lines as of 9-27)",50.9%,PASS,39,,Model KC -8.5 at 50.9%; board -9.5 is worse. No side on the full game (1H lean in W3-H2).,,,,,,
W3-X8,2026,3,2026-09-27,13:00,TEN,NYG,spread,PASS,-2.5,,"covers.com (Kalshi board, lines as of 9-27)",51.5%,PASS,40,qb-change,Model NYG -5.5 at 51.5% predates Dart's season-ending injury. Board NYG -2.5 looks 3 points better but the model number is invalidated by the QB change (Winston). Same treatment as Week 1 qb-change PASS rows.,,,,,,
W3-X9,2026,3,2026-09-27,13:00,CIN,PIT,spread,PASS (spread + total),-3.5,,"covers.com (Kalshi board, lines as of 9-27)",51.2% / 51.1%,PASS,41,key-number,Model CIN -2.5 at 51.2% -- board -3.5 is worse through 3. Model Under 46.0 at 51.1% -- board 42.5 is 3.5 worse. PIT WR Pittman questionable. No side.,,,,,,
W3-X10,2026,3,2026-09-27,13:00,SEA,WAS,total,PASS (Over model),40,,"covers.com (Kalshi board, lines as of 9-27)",54.6%,PASS,42,qb-change;weather,Model Over 42.0 at 54.6% predates Daniels injury; board 39.5 looks better but Mariota + NW wind 14-15 mph cut against it. No clear signal. BOOK REMAP 9/27: Book 40 -105 (board 39.5); still no clear signal.,,,,,,
W3-X11,2026,3,2026-09-27,16:25,BAL,DAL,total,PASS (Over model),53.5,,"covers.com (Kalshi board, lines as of 9-27)",53.3%,PASS,43,sharp-conflict;line-move,Model Over 52.5 at 53.3%; board 53.5 is a point worse. Reverse line movement: total rose while ~87% of total bets / sharp reports lean Under. Weak model vs sharp conflict = no clear signal.,,,,,,
W3-18,2026,3,2026-09-27,20:20,LAR,DEN,spread,LAR -1.5,-1.5,-115,user book (screenshot 9/27),54.3%,C,23,injury;line-move,"Model LAR -2.5 at 54.3% (9/19). Board was -2.5 (at entry, Nacua unpriced -> PASS on the first build). Book has LAR -1.5 -115 -- a full point better than entry, which reads as the book pricing in Nacua's absence (doubtful, NFL.com). With the injury now reflected in the number and Adams' Week 2 without Nacua (195 yds, 2 TD), data leans LAR. Sub-55 model = C.",,,,,,
W3-X12,2026,3,2026-09-27,20:20,LAR,DEN,total,PASS (Over model),44,,"covers.com (Kalshi board, lines as of 9-27)",52.0%,PASS,44,injury,"Model Over 46.5 at 52.0% -- board 44.5 / book 44 better, but WR1 Nacua doubtful cuts against LAR scoring. No clear signal.",,,,,,
W3-17,2026,3,2026-09-28,20:15,PHI,CHI,spread,CHI +3.5,3.5,-117,user book (screenshot 9/27),51.3%,C,22,qb-change;key-number;line-move,"Williams officially OUT (chicagobears.com 9/26); starter is a game-time call between Bagent (cleared to practice, still in protocol, questionable) and Keenum -- either way a backup, so the thesis doesn't depend on which one. Model had PHI +1.5 (9/19, pre-injury) so its number is void. Line swung 5 points (CHI -1.5 open to +3.5) through 3. PHI is banged up too: Goedert likely out (MCL), DeVonta Smith DNP Thu, Barkley limited. Same backup-QB-dog test as WAS +7.5 (W3-09). C. BOOK REMAP 9/27: Book CHI +3.5 -117: same number, heavier juice. Stays C.",,,,,,Updated 9/27 after user flagged CHI QB out; replaces WATCH.
W3-T5,2026,3,2026-09-28,20:15,PHI,CHI,team_total,CHI team total UNDER 19,19,TBD,implied from covers 41.5/3.5,,C,27,derived;consistent-expression;qb-change,"Implied: PHI (41.5+3.5)/2=22.5, CHI (41.5-3.5)/2=19. Backup QB (neither Bagent nor Keenum has started since 2023) vs Fangio defense; Keenum is 3-0 vs Fangio as a starter, the main counter. Consistent with a tight, low-scoring game alongside CHI +3.5. C.",,,,,,
W3-X13,2026,3,2026-09-28,20:15,PHI,CHI,total,PASS (Under model),41.5,,"covers.com (Kalshi board, lines as of 9-27)",51.4%,PASS,45,qb-change;line-move,Model Under 48.0 (9/19) predates the Williams injury; board has already dropped 6.5 to 41.5 on the backup-QB news and PHI's own injuries. Nothing left in the number. No clear signal.,,,,,,Updated 9/27: was WATCH (spread+total); spread now W3-17.
